﻿{"cameraMode":{"drawMode":0,"name":"Shaded","section":"Shading Mode"},"sceneLighting":true,"audioPlay":false,"sceneViewState":{"showFog":false,"showMaterialUpdate":false,"showSkybox":false,"showFlares":false,"showImageEffects":false,"showParticleSystems":false},"in2DMode":false,"pivot":{"x":319.5267028808594,"y":21.566421508789064,"z":-72.76968383789063},"rotation":{"x":-0.14229030907154084,"y":0.022859860211610795,"z":-0.003290486056357622,"w":-0.9895817041397095},"size":489.7669982910156,"orthographic":false}