﻿{"cameraMode":{"drawMode":0,"name":"Shaded","section":"Shading Mode"},"sceneLighting":true,"audioPlay":false,"sceneViewState":{"showFog":false,"showMaterialUpdate":false,"showSkybox":false,"showFlares":false,"showImageEffects":false,"showParticleSystems":false},"in2DMode":false,"pivot":{"x":515.095703125,"y":268.90838623046877,"z":-380.3824768066406},"rotation":{"x":0.30657529830932619,"y":-0.18684954941272736,"z":0.06154013052582741,"w":0.9313766360282898},"size":525.3569946289063,"orthographic":false}